"term","estimate","std.error","statistic","p.value","conf.low","conf.high"
"(Intercept)",1.92840499684637,0.141088540236065,13.6680484015203,1.57564555026626e-42,1.64731997616762,2.20041816751692
"COURSEbin",0.0530966742465242,0.0979236942512887,0.542224991126961,0.587663521147545,-0.13971703370763,0.244370726492493
"BIOTIMEbin",0.215895066104073,0.112636700397114,1.91673819761152,0.0552711999514996,-0.00559474908513815,0.436207722494897
"COUNTIESbin",-0.0538078790465044,0.117888930345624,-0.456428596720251,0.648081805827031,-0.286125903116848,0.176232949822434
"LICENSEbin",0.176929788316582,0.121969568484434,1.45060600373578,0.1468896025662,-0.0601219749702472,0.418201200680245
"HANDLEbin",NA,NA,NA,NA,NA,NA
"STATEbin",-0.0894179797986916,0.116127874988571,-0.769995832675765,0.441302364702286,-0.318839647872181,0.136510739057791
